{
	"MicroFC60035":
	{
		"inner parameters":
		{
			"R_q":633000,
			"C_q":20.0e-15,
			"C_d":170.1e-15,
			"R_d":300,
			"C_m":3e-15,
			"N_c":18980,
			"source":""
		},
		"noise effects":
		{
			"afterpulse":
			{
				"afterpulse":"p",
				"afterpulse component":[10.0e-09, 100.0e-09],
				"afterpulse intensity":[0.5, 0.5],
				"source":"",
				"function":
				{
					"overvoltage":[0, 1, 2, 3, 4, 5],
					"probability":[0.0, 0.0070, 0.0075, 0.0080, 0.0085, 0.0090],
					"source":""
				}
			},
			"crosstalk":
			{
				"function":
				{
					"kacer":[0, 0.040703, 0.047419, 0.054135, 0.060851, 0.067568, 0.073965, 0.080681, 0.087396, 0.094113, 0.100829, 0.107545, 0.114261, 0.120658, 0.127375, 0.13409, 0.140806, 0.147523, 0.154239, 0.160955, 0.167671, 0.174388, 0.181104, 0.1875, 0.194216, 0.200932, 0.207329, 0.214045, 0.220441, 0.226837, 0.233234, 0.23995],
					"probability":[0, 0.35008, 0.355689, 0.360897, 0.366106, 0.371715, 0.377324, 0.382532, 0.38774, 0.393349, 0.398558, 0.403766, 0.409375, 0.414984, 0.420593, 0.425801, 0.43101, 0.436619, 0.441827, 0.447436, 0.452644, 0.458253, 0.463862, 0.469071, 0.474279, 0.479487, 0.484696, 0.489904, 0.495112, 0.500321, 0.505929, 0.511138],
					"source":""
				}
			},
			"dark current":
			{
				"dark count rate":10.0e+06,
				"source":""
			}
		},
		"absorption spectrum":
		{
			"voltage_1":
			{
				"value":2.5,
				"wavelenght":[370.5, 375.587, 380.483, 385.379, 390.274, 395.17, 399.674, 402.611, 404.765, 406.332, 407.507, 407.898, 409.073, 409.856, 410.836, 411.815, 412.402, 413.185, 414.164, 414.752, 415.535, 416.319, 417.298, 418.081, 418.473, 419.256, 420.235, 421.214, 422.585, 423.368, 427.676, 428.264, 431.005, 433.551, 435.705, 437.272, 439.034, 440.796, 442.755, 444.713, 448.433, 450.979, 453.721, 456.854, 459.987, 463.512, 465.274, 468.016, 470.366, 473.107, 476.044, 479.178, 482.702, 486.423, 490.535, 494.843, 499.347, 503.655, 508.355, 512.859, 515.013, 519.909, 524.608, 528.133, 532.833, 537.728, 542.624, 547.52, 551.044, 555.94, 560.836, 565.731, 570.627, 574.935, 578.851, 583.747, 588.642],
				"probability":[0, 7.56871E-05, 0.000149764, 0.00022223, 0.000293086, 0.000361929, 0.000580939, 0.001632909, 0.004352412, 0.008890821, 0.01524854, 0.022136873, 0.030844515, 0.040840852, 0.052656497, 0.066367139, 0.080987234, 0.097502728, 0.116292458, 0.136977185, 0.159632998, 0.184183807, 0.211615558, 0.240942305, 0.271633835, 0.304220362, 0.339384277, 0.376367501, 0.415245721, 0.455033798, 0.49497204, 0.534454952, 0.572344811, 0.608641617, 0.643193997, 0.6763051, 0.707672178, 0.73729483, 0.765172651, 0.791306046, 0.814481604, 0.836064109, 0.856129248, 0.874752708, 0.892086267, 0.908205611, 0.923490384, 0.937182104, 0.949205084, 0.959103993, 0.967713001, 0.975032107, 0.981061311, 0.985875897, 0.98977942, 0.99277188, 0.995080337, 0.996704792, 0.997948798, 0.998811954, 0.999219778, 0.999474216, 0.999651356, 0.999827288, 0.999849834, 0.999870768, 0.999890093, 0.999907807, 0.999924313, 0.999939209, 0.999952494, 0.999964169, 0.999974234, 0.999983091, 0.999990338, 0.999995974, 1]
			},
			"voltage_2":
			{
				"value":6.0,
				"wavelenght":[370.5, 375.587, 380.483, 385.379, 390.274, 395.17, 399.674, 402.611, 404.765, 406.332, 407.507, 407.898, 409.073, 409.856, 410.836, 411.815, 412.402, 413.185, 414.164, 414.752, 415.535, 416.319, 417.298, 418.081, 418.473, 419.256, 420.235, 421.214, 422.585, 423.368, 427.676, 428.264, 431.005, 433.551, 435.705, 437.272, 439.034, 440.796, 442.755, 444.713, 448.433, 450.979, 453.721, 456.854, 459.987, 463.512, 465.274, 468.016, 470.366, 473.107, 476.044, 479.178, 482.702, 486.423, 490.535, 494.843, 499.347, 503.655, 508.355, 512.859, 515.013, 519.909, 524.608, 528.133, 532.833, 537.728, 542.624, 547.52, 551.044, 555.94, 560.836, 565.731, 570.627, 574.935, 578.851, 583.747, 588.642],
				"probability":[0, 7.56871E-05, 0.000149764, 0.00022223, 0.000293086, 0.000361929, 0.000580939, 0.001632909, 0.004352412, 0.008890821, 0.01524854, 0.022136873, 0.030844515, 0.040840852, 0.052656497, 0.066367139, 0.080987234, 0.097502728, 0.116292458, 0.136977185, 0.159632998, 0.184183807, 0.211615558, 0.240942305, 0.271633835, 0.304220362, 0.339384277, 0.376367501, 0.415245721, 0.455033798, 0.49497204, 0.534454952, 0.572344811, 0.608641617, 0.643193997, 0.6763051, 0.707672178, 0.73729483, 0.765172651, 0.791306046, 0.814481604, 0.836064109, 0.856129248, 0.874752708, 0.892086267, 0.908205611, 0.923490384, 0.937182104, 0.949205084, 0.959103993, 0.967713001, 0.975032107, 0.981061311, 0.985875897, 0.98977942, 0.99277188, 0.995080337, 0.996704792, 0.997948798, 0.998811954, 0.999219778, 0.999474216, 0.999651356, 0.999827288, 0.999849834, 0.999870768, 0.999890093, 0.999907807, 0.999924313, 0.999939209, 0.999952494, 0.999964169, 0.999974234, 0.999983091, 0.999990338, 0.999995974, 1]
			},
			"source":""
		}
	}
}
